{"N":1000,"M":1000,"K":1000,"type":"tf-webgpu","trials":15,"times":[249.0999999642372,189.79999995231628,152.19999998807907,152.10000002384186,134.80000001192093,135.9000000357628,155.70000004768372,139.60000002384186,142.60000002384186,134.5,133.69999998807907,139.39999997615814,152.20000004768372,143.5,146.69999998807907]}