{"N":1000,"M":1000,"K":1000,"type":"tf-webgpu","trials":50,"times":[175.10000002384186,122.5,198.5,127.5,123.80000001192093,114.60000002384186,115.80000001192093,111.89999997615814,128.60000002384186,116.10000002384186,110.5,114.80000001192093,112.30000001192093,114,113.69999998807907,113.60000002384186,116.60000002384186,114.19999998807907,122.79999995231628,114.80000001192093,115.40000003576279,114.19999998807907,127.39999997615814,121.19999998807907,117.80000001192093,110.5,111.40000003576279,113.30000001192093,115.09999996423721,113.89999997615814,114.69999998807907,112.80000001192093,111.90000003576279,117.30000001192093,116.5,113.5,112.90000003576279,110.30000001192093,123.30000001192093,111.5,115.80000001192093,120.09999996423721,107.59999996423721,109.69999998807907,112.80000001192093,114.69999998807907,111.19999998807907,117.5,162.89999997615814,136]}