{"N":1000,"M":1000,"K":1000,"type":"tf-webgl","trials":50,"times":[215.10000002384186,149.10000002384186,152.19999998807907,142.39999997615814,137.89999997615814,135.30000001192093,150.80000001192093,131.5,129.19999998807907,132.0999999642372,134.0999999642372,149.5,132.69999998807907,132.69999998807907,139.5,129.30000001192093,130.5,138.5,133,133.19999998807907,134,127.90000003576279,132.5999999642372,145.5,154.39999997615814,130.19999998807907,135.5999999642372,131.80000001192093,129.30000001192093,129.39999997615814,136.30000001192093,133.4000000357628,131.39999997615814,134.19999998807907,129.0999999642372,134.20000004768372,137.39999997615814,139.60000002384186,131.80000001192093,142,127.5,133.9000000357628,132.89999997615814,136.30000001192093,140.60000002384186,131.0999999642372,135.5,133.80000001192093,135.9000000357628,133.5]}