{"N":1000,"M":1000,"K":1000,"type":"tf-wasm","trials":50,"times":[209.69999998807907,179.69999998807907,194.10000002384186,187.19999998807907,182.5,185.19999998807907,187.4000000357628,196.5,196.30000001192093,187.69999998807907,184.80000001192093,182.69999998807907,180.29999995231628,185.60000002384186,182.60000002384186,184.39999997615814,181.19999998807907,181.29999995231628,181.0999999642372,194.69999998807907,185.4000000357628,191.60000002384186,185,188.19999998807907,182.5999999642372,186.4000000357628,212.30000001192093,185,215.5,187.10000002384186,174.19999998807907,300.30000001192093,186.0999999642372,189.69999998807907,184.4000000357628,210.19999998807907,181.5,171.80000001192093,169.89999997615814,170.9000000357628,196.0999999642372,172.60000002384186,175,172.69999998807907,191.70000004768372,221.0999999642372,190.10000002384186,179.39999997615814,186.0999999642372,184.60000002384186]}