{"N":1300,"M":1300,"K":1300,"type":"tf-wasm","trials":50,"times":[382.2999999523163,368.5,427.5,446.2000000476837,350.4000000357628,386.5999999642372,340.5,369.0999999642372,343.80000001192093,371.30000001192093,367.10000002384186,350,332,362.80000001192093,369.30000001192093,349,355.80000001192093,325.80000001192093,345.5999999642372,376.10000002384186,375.5,336.19999998807907,363.69999998807907,373.30000001192093,331.5,351.60000002384186,416.2000000476837,348.5,353.0999999642372,395.69999998807907,350.80000001192093,340.7999999523163,370.30000001192093,372.60000002384186,343.10000002384186,365.2999999523163,397.4000000357628,337.5999999642372,359.19999998807907,324,345.30000001192093,399.0999999642372,338.5,365.5,366.39999997615814,365.69999998807907,370.10000002384186,367.5999999642372,378.10000002384186,387.0999999642372]}