{"N":1300,"M":1300,"K":1300,"type":"tf-webgpu","trials":50,"times":[255.4000000357628,202.39999997615814,203.0999999642372,197,192.5,198.30000001192093,199.0999999642372,187.60000002384186,191.80000001192093,192.69999998807907,202.9000000357628,190.29999995231628,189.80000001192093,193.39999997615814,184.39999997615814,194,193.69999998807907,189.30000001192093,188.79999995231628,188.60000002384186,189.0999999642372,179.39999997615814,183.89999997615814,194.89999997615814,191.80000001192093,202.79999995231628,188.70000004768372,197.89999997615814,190.5,191.5,197.30000001192093,193.10000002384186,190,186.4000000357628,189.10000002384186,194.39999997615814,186.9000000357628,200.5,195.79999995231628,190.89999997615814,189.10000002384186,201.29999995231628,190.80000001192093,189.89999997615814,192.19999998807907,189.4000000357628,183.89999997615814,196.60000002384186,189.30000001192093,189.69999998807907]}