{"N":1300,"M":1300,"K":1300,"type":"tf-webgl","trials":50,"times":[318.10000002384186,240.0999999642372,225.5,206.4000000357628,201.10000002384186,209.4000000357628,206.5,195,209.10000002384186,209.30000001192093,283.10000002384186,231,222.79999995231628,223.69999998807907,228.80000001192093,219,215.70000004768372,220.80000001192093,226.70000004768372,216.60000002384186,211.5,222.80000001192093,221.80000001192093,220.89999997615814,221.80000001192093,222.80000001192093,232.30000001192093,219.30000001192093,215.4000000357628,222,215.30000001192093,222.30000001192093,219,241.30000001192093,228.4000000357628,224.19999998807907,218.60000002384186,220.5,225,219.20000004768372,217.4000000357628,213.39999997615814,226.5,219.0999999642372,227.20000004768372,220.69999998807907,214.30000001192093,223,216.30000001192093,223.30000001192093]}