{"N":1600,"M":1600,"K":1600,"type":"tf-webgl","trials":50,"times":[405.5999999642372,332.30000001192093,318.0999999642372,331.2999999523163,332.30000001192093,341.80000001192093,331.60000002384186,334.80000001192093,336.80000001192093,335.10000002384186,330.69999998807907,329.60000002384186,327.30000001192093,338.60000002384186,341.19999998807907,357.4000000357628,333,333,357.39999997615814,349.4000000357628,333.80000001192093,335.7000000476837,344.4000000357628,339.7000000476837,340.19999998807907,370.5999999642372,334.80000001192093,391.30000001192093,367.5999999642372,339.9000000357628,332.69999998807907,341.69999998807907,330.89999997615814,336.69999998807907,345.89999997615814,332.19999998807907,339.89999997615814,359.80000001192093,328,346.39999997615814,342,338.7000000476837,329.2999999523163,344.2000000476837,343.5,332.69999998807907,336.5,328.80000001192093,341.30000001192093,333.19999998807907]}