{"N":1600,"M":1600,"K":1600,"type":"tf-wasm","trials":50,"times":[638.5,715.3000000119209,673.5,710.3999999761581,668.7999999523163,603.8999999761581,648.3000000119209,612.1999999880791,609.9000000357628,611.3000000119209,652.9000000357628,644.5,591.4000000357628,619.1000000238419,646.3999999761581,662.5,588.6000000238419,652.6000000238419,592.5,600.7999999523163,639.5,644,595,666.5999999642372,609.8000000119209,611.6999999880791,787,587.7999999523163,640.8999999761581,649.6999999880791,619.1000000238419,729.5,577,680.1999999880791,647.8000000119209,608.1000000238419,770.6000000238419,574.5,696.6000000238419,593.3000000119209,641.5,599.6000000238419,651.1999999880791,597,634.0999999642372,741.2999999523163,653.5,617.8999999761581,601.6999999880791,670.3999999761581]}