{"N":1600,"M":1600,"K":1600,"type":"tf-webgpu","trials":50,"times":[710.7999999523163,302.9000000357628,299.39999997615814,291.7000000476837,301.10000002384186,305.19999998807907,297.80000001192093,294.10000002384186,297.89999997615814,294.10000002384186,299.0999999642372,297.30000001192093,298.5999999642372,293.89999997615814,296.89999997615814,286.7999999523163,288.7999999523163,297.5,295.30000001192093,295.39999997615814,296.89999997615814,302,298,298.80000001192093,301.69999998807907,298.89999997615814,281.0999999642372,288.89999997615814,312.5999999642372,295.19999998807907,291.80000001192093,288.80000001192093,299.0999999642372,298.30000001192093,292.5,297,300,291.89999997615814,294.9000000357628,296,298.89999997615814,291.80000001192093,314.5,295.69999998807907,299.10000002384186,300.19999998807907,296.19999998807907,324.2000000476837,289.80000001192093,300.69999998807907]}