{"N":2000,"M":2000,"K":2000,"type":"tf-webgpu","trials":50,"times":[550.6999999880791,488,482.30000001192093,503.5,496.5,474.5,474.7999999523163,478.80000001192093,484.30000001192093,475.80000001192093,476.19999998807907,473.4000000357628,493,484.19999998807907,489.2000000476837,476.30000001192093,477,471.39999997615814,485,469.10000002384186,474.39999997615814,471.80000001192093,472,480.0999999642372,539.6999999880791,479,470.19999998807907,478.2999999523163,470.5,476.5999999642372,477.30000001192093,472.5,475.60000002384186,474.39999997615814,475.89999997615814,480.19999998807907,479.60000002384186,490.69999998807907,489.10000002384186,481.0999999642372,478.19999998807907,486.10000002384186,474.5,475.30000001192093,474.30000001192093,479.9000000357628,475.5,475,479.4000000357628,474.0999999642372]}