{"N":2000,"M":2000,"K":2000,"type":"tf-wasm","trials":50,"times":[1125.9000000357628,1257.5999999642372,1279.300000011921,1230.199999988079,1115,1125.4000000357628,1140,1130.800000011921,1029.8999999761581,1137.300000011921,1018.2999999523163,1133.5999999642372,1163.2000000476837,1040,1150.4000000357628,1016.3000000119209,1149.5,1015.6000000238419,1132.6000000238419,1139.1000000238419,1024.0999999642372,1105.7999999523163,1038.699999988079,1114,1041.199999988079,1167.800000011921,1103.800000011921,1026,1178.5,1023.6000000238419,1139,1042,1343.5,1324,1015.1999999880791,1351.199999988079,1012.1000000238419,1325.4000000357628,1012.6999999880791,1314.7999999523163,1341.699999988079,1008,1345.5,1016,1337.8999999761581,1013.3000000119209,1338.699999988079,1333.5,1021.8999999761581,1337.199999988079]}