{"N":2000,"M":2000,"K":2000,"type":"tf-webgl","trials":50,"times":[735.1000000238419,823.1999999880791,923.9000000357628,657.6000000238419,679.2999999523163,662.1000000238419,673.3999999761581,662.6999999880791,664.2999999523163,652.8000000119209,695.6000000238419,897.3000000119209,670.2999999523163,675.1999999880791,670.3999999761581,679.2000000476837,659.1000000238419,669.8999999761581,721.0999999642372,676.6999999880791,680.5999999642372,684.8999999761581,668.0999999642372,679.6999999880791,664.5999999642372,677,670,663.3000000119209,667.8999999761581,680,664.4000000357628,666.8999999761581,735.6999999880791,680.6000000238419,665.3000000119209,678.1000000238419,681,747.3999999761581,660.6000000238419,677.1999999880791,679,718.1000000238419,681.5999999642372,709.6999999880791,754.7000000476837,696.8999999761581,714.3000000119209,673.7999999523163,667,674.1999999880791]}