{"N":2300,"M":2300,"K":2300,"type":"tf-webgpu","trials":50,"times":[786.5999999642372,704.5,700.1999999880791,656.3999999761581,698.3999999761581,658.1999999880791,692.3999999761581,672.4000000357628,674.3999999761581,655.8999999761581,677.8999999761581,766.6000000238419,675.9000000357628,669.5999999642372,679.6999999880791,673.8999999761581,683.8000000119209,667.8999999761581,677.5,678.8999999761581,696.3000000119209,675.7000000476837,676.8000000119209,662.9000000357628,688.2000000476837,653.8000000119209,668.3999999761581,654.3000000119209,673.5999999642372,667,676.1999999880791,671.7000000476837,663.9000000357628,679.3999999761581,667.7999999523163,677.6999999880791,678.9000000357628,675.4000000357628,660.5,665.5,674.8000000119209,666.6000000238419,674.8999999761581,673.1999999880791,679.2000000476837,679.9000000357628,673.8000000119209,673.6000000238419,677.3000000119209,683.5]}