{"N":2300,"M":2300,"K":2300,"type":"tf-wasm","trials":50,"times":[1642.1000000238419,1833,1783.199999988079,1786.1000000238419,1686.699999988079,1644.5999999642372,1706.0999999642372,1638.7000000476837,1723.5999999642372,1543.800000011921,1670.1000000238419,1651.6000000238419,1678.5999999642372,1629.8999999761581,1529.7000000476837,1715.5999999642372,1673.2999999523163,1671.800000011921,1688.699999988079,1539.1000000238419,1723.1000000238419,1642.0999999642372,1695.699999988079,1916.800000011921,1533.199999988079,1944.1000000238419,1965.6000000238419,2098.900000035763,1958.9000000357628,1522.199999988079,1927.3999999761581,1963.7999999523163,1950.3999999761581,1917.3999999761581,1494.199999988079,1884.8999999761581,1962,1944.1000000238419,1913.3999999761581,1563.6000000238419,1909.300000011921,1957.5,1923.300000011921,1934.699999988079,1516.300000011921,1880.5,1994.6000000238419,1919.699999988079,1948.5,1505.6000000238419]}