{"N":2300,"M":2300,"K":2300,"type":"tf-webgl","trials":50,"times":[787,743.4000000357628,742.3999999761581,744.1000000238419,727.2000000476837,735.8000000119209,825.1999999880791,864.3999999761581,726.4000000357628,810.6000000238419,751.7000000476837,764.8999999761581,737.8000000119209,725.1000000238419,744.7999999523163,781,856.5,751.5999999642372,745.6999999880791,728.8999999761581,737.3000000119209,729.3000000119209,989.8000000119209,747.3999999761581,745,741.7000000476837,746.0999999642372,739.3000000119209,733,738.1000000238419,768.9000000357628,752.3999999761581,789.6000000238419,730.6999999880791,875.2000000476837,733,746.7000000476837,761.4000000357628,739.8000000119209,742.1999999880791,749.1999999880791,738.8000000119209,743.9000000357628,799.6000000238419,757.9000000357628,744.3000000119209,730.7999999523163,744.5,741,843.7000000476837]}