{"N":700,"M":700,"K":700,"type":"tf-wasm","trials":50,"times":[95.5,76.19999998807907,89.89999997615814,76.40000003576279,72.30000001192093,80.09999996423721,75.19999998807907,74.60000002384186,73,77.59999996423721,71.80000001192093,79.40000003576279,74.10000002384186,81.89999997615814,71.5,75.79999995231628,72.29999995231628,68.30000001192093,77.59999996423721,92.90000003576279,70.90000003576279,81.40000003576279,70.69999998807907,79.80000001192093,79.19999998807907,73,75.30000001192093,78.5,70.5,68.69999998807907,76.5,71.5,69.39999997615814,93.5,70.79999995231628,79,73.80000001192093,70.80000001192093,81.60000002384186,77.59999996423721,73.19999998807907,67.5,76.39999997615814,71.89999997615814,70.69999998807907,76.30000001192093,71.09999996423721,73.89999997615814,69.69999998807907,67.09999996423721]}