{"N":700,"M":700,"K":700,"type":"tf-webgl","trials":50,"times":[200.5,123.30000001192093,152.19999998807907,84.10000002384186,128.69999998807907,155.69999998807907,137.80000001192093,68.39999997615814,81.69999998807907,67.19999998807907,68.89999997615814,69.10000002384186,82.30000001192093,70,65.80000001192093,72.90000003576279,65.30000001192093,65.5,67.89999997615814,77.5,71.59999996423721,70.19999998807907,74.89999997615814,79.90000003576279,71.30000001192093,85.5,81.90000003576279,105.30000001192093,77.30000001192093,69.5,67.69999998807907,84.69999998807907,77.20000004768372,73.5,79.09999996423721,86.10000002384186,73.19999998807907,73.20000004768372,65.20000004768372,69.69999998807907,72.60000002384186,73,64.69999998807907,67.19999998807907,78.20000004768372,73.09999996423721,79.29999995231628,66.19999998807907,76.09999996423721,69.30000001192093]}