{"N":700,"M":700,"K":700,"type":"tf-webgpu","trials":50,"times":[101.40000003576279,63.5,82.80000001192093,57.60000002384186,63,57.39999997615814,58.80000001192093,63.89999997615814,60.69999998807907,79,66.59999996423721,64.5,57.39999997615814,67.19999998807907,61.30000001192093,56.59999996423721,65,72.20000004768372,67.20000004768372,55.80000001192093,78.5,55.30000001192093,57.90000003576279,56,59.80000001192093,65,65.19999998807907,54.69999998807907,60.40000003576279,57.60000002384186,63.10000002384186,56.40000003576279,65.5,54.60000002384186,64.89999997615814,54.700000047683716,65.20000004768372,52.39999997615814,57.30000001192093,63.90000003576279,64.10000002384186,58,61.09999996423721,56.89999997615814,61.30000001192093,67.19999998807907,54.90000003576279,58.19999998807907,55.59999996423721,60.40000003576279]}