{"N":1000,"M":1000,"K":1000,"type":"tf-webgpu","trials":20,"times":[177.10000002384186,131.10000002384186,193.89999997615814,123.39999997615814,139.79999995231628,118.80000001192093,118.60000002384186,122.5,116.70000004768372,118.39999997615814,116,116.20000004768372,116.09999996423721,118,117.10000002384186,115.89999997615814,130.5,117.39999997615814,123.5,118.69999998807907]}