{"N":1000,"M":100,"K":100,"type":"plain-js","trials":5,"times":[65.89999997615814,66,63,63.30000001192093,62.700000047683716]}