{"N":1000,"M":1000,"K":1000,"type":"tf-webgl","trials":20,"times":[232.9000000357628,162.69999998807907,141.19999998807907,145.30000001192093,144.60000002384186,138.70000004768372,147,137.4000000357628,138.79999995231628,138,149.19999998807907,139.89999997615814,139,138.39999997615814,131,137.60000002384186,141.9000000357628,143,143.89999997615814,134.5]}