{"N":1000,"M":1000,"K":1000,"type":"plain-js","trials":20,"times":[15691.700000047684,16152.5,16522.099999964237,16494.700000047684,16756.80000001192,16502.600000023842,16597.19999998808,16511.899999976158,16488.30000001192,16551.30000001192,16663.900000035763,16578,16740.200000047684,16705.599999964237,16583,16310.799999952316,16683.5,16630,16700.900000035763,16612.69999998808]}