{"N":1000,"M":1000,"K":1000,"type":"tf-cpu","trials":20,"times":[3068.699999988079,3332,3187.5,3161.699999988079,2844.2000000476837,2869,2882.800000011921,2899,2921.400000035763,2887.399999976158,2899.699999988079,2864.199999988079,2873.699999988079,2897.600000023842,2884.900000035763,2877.599999964237,2883.899999976158,2925.199999988079,2932.899999976158,2870.300000011921]}