{"N":1000,"M":1000,"K":1000,"type":"tf-wasm","trials":20,"times":[192.80000001192093,202.5999999642372,202.10000002384186,193.4000000357628,191.19999998807907,200.0999999642372,185.80000001192093,190.5999999642372,199.30000001192093,191.0999999642372,186.79999995231628,190.69999998807907,195.69999998807907,202.0999999642372,200.80000001192093,189.19999998807907,202,190.5,182.5999999642372,194]}