{"N":100,"M":100,"K":100,"type":"tf-wasm","trials":100,"times":[5.700000047683716,1.800000011920929,8.300000011920929,1.4000000357627869,0.8999999761581421,0.699999988079071,0.699999988079071,1.199999988079071,2.900000035762787,2,2.300000011920929,0.6000000238418579,0.8999999761581421,0.5999999642372131,0.699999988079071,1.199999988079071,0.6000000238418579,0.7999999523162842,0.8999999761581421,0.8999999761581421,0.5,0.699999988079071,0.8999999761581421,0.9000000357627869,0.5999999642372131,0.5999999642372131,0.5,0.6000000238418579,0.699999988079071,0.8999999761581421,0.699999988079071,0.5,0.5,0.7000000476837158,0.5999999642372131,0.6000000238418579,0.699999988079071,0.6000000238418579,0.5999999642372131,0.6000000238418579,0.6000000238418579,0.699999988079071,0.6000000238418579,0.6000000238418579,0.6000000238418579,0.699999988079071,0.6000000238418579,0.699999988079071,0.6000000238418579,0.6000000238418579,0.5999999642372131,0.6000000238418579,0.5,0.5,0.699999988079071,0.7999999523162842,0.5999999642372131,0.6000000238418579,0.5999999642372131,0.699999988079071,0.6000000238418579,0.5,0.7000000476837158,0.6000000238418579,0.6000000238418579,0.6000000238418579,0.6000000238418579,0.5,0.6000000238418579,0.5999999642372131,0.5,0.699999988079071,0.699999988079071,0.5,0.7000000476837158,0.6000000238418579,0.5,0.6000000238418579,0.6000000238418579,0.5,0.699999988079071,0.5999999642372131,0.6000000238418579,0.5999999642372131,0.6000000238418579,0.5999999642372131,0.7000000476837158,0.5999999642372131,0.5999999642372131,0.5,0.6000000238418579,0.7000000476837158,0.5,0.6000000238418579,0.5999999642372131,0.5999999642372131,0.9000000357627869,0.5999999642372131,0.6000000238418579,0.5]}