{"N":100,"M":100,"K":100,"type":"tf-webgl","trials":100,"times":[82.80000001192093,11.600000023841858,7.599999964237213,12.699999988079071,10.5,6,5.800000011920929,11.699999988079071,13,11.399999976158142,16.700000047683716,14.800000011920929,7.100000023841858,10.199999988079071,8.599999964237213,15.300000011920929,5.899999976158142,15,6.199999988079071,17.200000047683716,10.899999976158142,14.099999964237213,21.100000023841858,16.80000001192093,15.5,9.899999976158142,5.900000035762787,5,5.400000035762787,9.899999976158142,13.5,10.199999988079071,5,5.699999988079071,13.699999988079071,5.899999976158142,14.899999976158142,9.899999976158142,9.900000035762787,5.099999964237213,10.300000011920929,7.399999976158142,9.800000011920929,5.800000011920929,10.900000035762787,18.80000001192093,9.800000011920929,5.800000011920929,5.699999988079071,12.100000023841858,4.899999976158142,15,5.800000011920929,6.899999976158142,5.5,5.600000023841858,5.400000035762787,7.399999976158142,5.599999964237213,14.899999976158142,11.599999964237213,12.300000011920929,5.699999988079071,5.300000011920929,5.800000011920929,18.799999952316284,6.300000011920929,20.400000035762787,14,10.199999988079071,7.699999988079071,5.799999952316284,9.899999976158142,10.300000011920929,6.5,9.799999952316284,10.400000035762787,10.300000011920929,11.700000047683716,5.600000023841858,9.099999964237213,5.5,10.800000011920929,10.300000011920929,15.199999988079071,10.899999976158142,17.099999964237213,11,5.699999988079071,4.899999976158142,13.600000023841858,17.099999964237213,9.800000011920929,15.099999964237213,5.899999976158142,13.400000035762787,10.299999952316284,11.700000047683716,15.800000011920929,20]}