{"N":100,"M":100,"K":100,"type":"tf-cpu","trials":100,"times":[29.5,25.5,3.699999988079071,4.5,6.400000035762787,3.5,3.699999988079071,3.399999976158142,3.5,4.300000011920929,3.300000011920929,9.899999976158142,3,3.099999964237213,3.199999988079071,3.699999988079071,3.600000023841858,3.5,3.699999988079071,3.099999964237213,3.300000011920929,3.400000035762787,3.599999964237213,3.099999964237213,3.099999964237213,2.900000035762787,3,3,3.5,2.899999976158142,3.199999988079071,3,3,3,3,3,3,3,3.100000023841858,3.099999964237213,3.099999964237213,3.199999988079071,3.100000023841858,3.100000023841858,3,3,3,3,3.099999964237213,3,3,3,3.300000011920929,3.099999964237213,2.900000035762787,3,3.300000011920929,3,3,2.899999976158142,3,3,2.899999976158142,3.100000023841858,3,3.199999988079071,3,3,2.899999976158142,3,3,3,3,3,3,3.100000023841858,3.599999964237213,3.900000035762787,2.900000035762787,3.199999988079071,3.100000023841858,3.100000023841858,2.899999976158142,2.899999976158142,3.100000023841858,3.100000023841858,3,2.900000035762787,3.100000023841858,3,3,3,3.100000023841858,2.899999976158142,3.099999964237213,3.100000023841858,2.900000035762787,2.899999976158142,2.899999976158142,3.099999964237213]}