{"N":100,"M":100,"K":100,"type":"tf-webgpu","trials":100,"times":[40.80000001192093,6.899999976158142,6.800000011920929,5.399999976158142,4.5,4,14.100000023841858,6.300000011920929,4.800000011920929,4.099999964237213,13.900000035762787,13.299999952316284,7.599999964237213,4,3.300000011920929,11.600000023841858,3.700000047683716,3.5,3.699999988079071,5.100000023841858,9.599999964237213,3.599999964237213,6.699999988079071,3.400000035762787,3.600000023841858,3.099999964237213,3.799999952316284,6.300000011920929,5.600000023841858,3.5,10.099999964237213,8.199999988079071,4.800000011920929,4,15.400000035762787,17.099999964237213,6.199999988079071,3.5,3.600000023841858,3.299999952316284,3.599999964237213,3.5,4.699999988079071,3.5,3.599999964237213,9.600000023841858,3.199999988079071,3.800000011920929,3.300000011920929,3.5,4.5,3.199999988079071,13.100000023841858,6,9.899999976158142,3.5,3.699999988079071,9.099999964237213,11.300000011920929,3,3.5,7.400000035762787,4,3.300000011920929,3.199999988079071,3.299999952316284,3.399999976158142,6.100000023841858,3.399999976158142,5.900000035762787,8.399999976158142,11.199999988079071,3.800000011920929,3.5,4.599999964237213,4.699999988079071,4.300000011920929,3.600000023841858,5.5,3.599999964237213,3.199999988079071,3.5,3.600000023841858,3.5,4.900000035762787,7,13.699999988079071,13.099999964237213,3.599999964237213,3.600000023841858,3.5,3.199999988079071,3.599999964237213,3.600000023841858,6.599999964237213,3.600000023841858,5.300000011920929,4.300000011920929,8.800000011920929,3.599999964237213]}