{"N":100,"M":100,"K":100,"type":"plain-js","trials":100,"times":[13.699999988079071,7.800000011920929,8.399999976158142,7.100000023841858,14.5,8.299999952316284,9.399999976158142,10.100000023841858,7.900000035762787,9.699999988079071,7.5,7,6.400000035762787,6.5,6.5,6.599999964237213,6.400000035762787,6.5,6.300000011920929,6.199999988079071,6.299999952316284,6.199999988079071,6.300000011920929,6.100000023841858,6.100000023841858,6.5,6.399999976158142,6.5,6.5,6.5,8.099999964237213,7.899999976158142,6.100000023841858,6.100000023841858,6.099999964237213,6.199999988079071,6.299999952316284,6.199999988079071,6.100000023841858,6.399999976158142,6.299999952316284,6.100000023841858,6.100000023841858,6.199999988079071,6.199999988079071,6.399999976158142,6.199999988079071,7.400000035762787,6.5,6.100000023841858,6,6.199999988079071,6.100000023841858,6.400000035762787,6.100000023841858,6.199999988079071,6.600000023841858,6.299999952316284,6.100000023841858,6.100000023841858,6.100000023841858,6.199999988079071,6,6.600000023841858,6.300000011920929,6.399999976158142,6.200000047683716,6.300000011920929,6.199999988079071,6.300000011920929,6.199999988079071,6.100000023841858,6.200000047683716,6.300000011920929,6.199999988079071,6.300000011920929,6.199999988079071,6.199999988079071,6.400000035762787,6.300000011920929,6.599999964237213,6.600000023841858,6.5,6.5,6.199999988079071,6.199999988079071,6.199999988079071,6.300000011920929,6.100000023841858,6.400000035762787,6.400000035762787,6.299999952316284,6.200000047683716,6.199999988079071,6.600000023841858,6.300000011920929,6.199999988079071,6.199999988079071,6.199999988079071,6.199999988079071]}