{"N":10,"M":10,"K":10,"type":"plain-js","trials":5,"times":[0.10000002384185791,0.09999996423721313,0.19999998807907104,0.10000002384185791,0.19999998807907104]}