{"N":2000,"M":2000,"K":2000,"type":"tf-webgl","trials":5,"times":[852.7000000476837,687.1000000238419,701.6000000238419,699.3000000119209,660.9000000357628]}