{"N":2000,"M":2000,"K":2000,"type":"tf-wasm","trials":5,"times":[1194.8999999761581,1180.199999988079,1250.9000000357628,1217.300000011921,1135.6000000238419]}