{"N":2000,"M":2000,"K":2000,"type":"tf-cpu","trials":5,"times":[23333.400000035763,25642,25636.700000047684,25782.19999998808,23051.099999964237]}