{"N":2000,"M":2000,"K":2000,"type":"tf-webgpu","trials":5,"times":[552.6000000238419,486.80000001192093,475.4000000357628,553.8000000119209,476.69999998807907]}