{"N":500,"M":500,"K":500,"type":"tf-wasm","trials":20,"times":[38.19999998807907,31,28,39.59999996423721,42.69999998807907,31.19999998807907,44.39999997615814,32.69999998807907,39.90000003576279,28.399999976158142,42.60000002384186,28,43.19999998807907,28.600000023841858,34.5,35.30000001192093,34.799999952316284,31.399999976158142,40.39999997615814,36.40000003576279]}