{"N":500,"M":500,"K":500,"type":"tf-cpu","trials":50,"times":[417.7999999523163,446.5,416.0999999642372,408.60000002384186,419.5,431.19999998807907,369.30000001192093,366.69999998807907,362.80000001192093,369.19999998807907,363.89999997615814,361.30000001192093,363.60000002384186,367.80000001192093,366.30000001192093,364.69999998807907,361.89999997615814,363.80000001192093,362.19999998807907,364.19999998807907,363.10000002384186,358.89999997615814,366.19999998807907,370.5,370,365.69999998807907,367.89999997615814,375,368.4000000357628,369.69999998807907,359.9000000357628,360.5999999642372,363.69999998807907,364.89999997615814,367.60000002384186,365.4000000357628,366.39999997615814,368.4000000357628,368.39999997615814,366.30000001192093,372.69999998807907,361.0999999642372,366.60000002384186,361.10000002384186,364.2000000476837,366.69999998807907,365.30000001192093,367.30000001192093,370.30000001192093,370.69999998807907]}