{"N":500,"M":500,"K":500,"type":"tf-webgl","trials":20,"times":[96.39999997615814,58.5,43.10000002384186,46.69999998807907,39.19999998807907,44.40000003576279,40.90000003576279,50.90000003576279,43.80000001192093,51,39.10000002384186,39.19999998807907,37.80000001192093,50.10000002384186,43.200000047683716,37.80000001192093,38.299999952316284,39.90000003576279,37.90000003576279,39.40000003576279]}