{"N":500,"M":500,"K":500,"type":"tf-webgpu","trials":50,"times":[58,31.30000001192093,25.100000023841858,28.69999998807907,23,38.5,36.799999952316284,29,25.80000001192093,30.69999998807907,26,30,32.09999996423721,30.599999964237213,30.100000023841858,30.19999998807907,27.099999964237213,31,26.5,29.700000047683716,26,37.89999997615814,26.5,29.100000023841858,26.400000035762787,31.80000001192093,27.30000001192093,25.600000023841858,31.5,27.900000035762787,28,32.30000001192093,26.400000035762787,32.09999996423721,29.599999964237213,28.5,36,31.100000023841858,26,28.600000023841858,25.799999952316284,30.600000023841858,25.69999998807907,29.899999976158142,31.099999964237213,29.5,29.299999952316284,29.099999964237213,27.299999952316284,30.299999952316284]}