{"N":500,"M":500,"K":500,"type":"tf-cpu","trials":20,"times":[401.80000001192093,432.19999998807907,411.39999997615814,399.80000001192093,420,436,375.5,368.89999997615814,372.19999998807907,365.80000001192093,369.5,359.60000002384186,376.9000000357628,377.2000000476837,374.30000001192093,369.30000001192093,372.19999998807907,372,371.80000001192093,367.69999998807907]}