{"N":500,"M":500,"K":500,"type":"plain-js","trials":50,"times":[1278,1263.4000000357628,1317.300000011921,1343.6000000238419,1339.800000011921,1314.6000000238419,1315,1353.1000000238419,1349.5,1319.9000000357628,1368.8999999761581,1350,1278.1000000238419,1309.699999988079,1340.0999999642372,1315.5,1299.300000011921,1278.4000000357628,1277.7999999523163,1264.699999988079,1269.199999988079,1282.9000000357628,1298.4000000357628,1286.800000011921,1300.1000000238419,1312.199999988079,1307.199999988079,1346.300000011921,1321,1291.800000011921,1390.5,1311.199999988079,1245.699999988079,1282.8999999761581,1294.5,1310.8999999761581,1292.800000011921,1438.800000011921,1376.7999999523163,1313.8999999761581,1313.199999988079,1313.5999999642372,1297.5,1283.5999999642372,1278.8999999761581,1338.699999988079,1313.199999988079,1324.699999988079,1347.0999999642372,1371.300000011921]}