{"N":500,"M":500,"K":500,"type":"tf-webgpu","trials":20,"times":[57.30000001192093,31.600000023841858,23.80000001192093,26.19999998807907,24.200000047683716,30.69999998807907,30.5,27.30000001192093,33.80000001192093,31,30.899999976158142,26.400000035762787,31.5,25.799999952316284,27.399999976158142,33.90000003576279,27,29.19999998807907,26.5,31.899999976158142]}