{"N":500,"M":500,"K":500,"type":"plain-js","trials":20,"times":[1554.199999988079,1251.3999999761581,1331.5,1303.699999988079,1378.699999988079,1296.3999999761581,1288,1294.300000011921,1272.8999999761581,1323.4000000357628,1284,1378.199999988079,1296.199999988079,1284.199999988079,1332.9000000357628,1308.8999999761581,1327.300000011921,1320,1296.8999999761581,1270.5]}