{"N":500,"M":500,"K":500,"type":"tf-webgl","trials":50,"times":[91.60000002384186,63.90000003576279,43.60000002384186,55.200000047683716,37.89999997615814,42.39999997615814,46.799999952316284,39.60000002384186,39,52.30000001192093,33.89999997615814,42.80000001192093,38.69999998807907,48.89999997615814,38.80000001192093,40.90000003576279,36.80000001192093,40.700000047683716,39,39.59999996423721,43.80000001192093,37.90000003576279,38.80000001192093,45.30000001192093,44.19999998807907,40.40000003576279,34.09999996423721,41.10000002384186,36.39999997615814,38.19999998807907,39.80000001192093,39.19999998807907,43.60000002384186,44,39.60000002384186,46.90000003576279,38.59999996423721,47.69999998807907,38.19999998807907,38.30000001192093,39.89999997615814,45.89999997615814,38.69999998807907,44.700000047683716,38.19999998807907,38,38.30000001192093,47.89999997615814,37.89999997615814,50.19999998807907]}