{"N":500,"M":500,"K":500,"type":"tf-wasm","trials":50,"times":[39.89999997615814,31.600000023841858,32.19999998807907,27.600000023841858,38.39999997615814,38.40000003576279,30.19999998807907,37.19999998807907,29,29,38.90000003576279,28,34.90000003576279,30.900000035762787,33.80000001192093,45,34.69999998807907,32.799999952316284,34.19999998807907,35.80000001192093,31.799999952316284,33,33.30000001192093,35.30000001192093,32.30000001192093,39.30000001192093,44.299999952316284,35,32,30.5,32.39999997615814,32.80000001192093,32.30000001192093,35.5,30.599999964237213,39.19999998807907,30.5,49.200000047683716,31,35.60000002384186,31,31.5,29.900000035762787,31.600000023841858,31.5,38.30000001192093,35.90000003576279,32.60000002384186,31.80000001192093,43.299999952316284]}