{"N":1000,"M":100,"K":1000,"type":"plain-js","trials":5,"times":[829.1000000238419,789,831.5,851.6999999880791,881.3999999761581]}